Hatalı giriş yapıldı, Kullanıcı: sd
2, 2024-12-31 11:45:41, Kullanıcı: zeynep, Detay: Ürün ekelme işlemi sadece yöneticilere ait
3, 2024-12-31 11:45:46, Kullanıcı: zeynep, Detay: Ürün yok!
4, 2024-12-31 12:01:25, Kullanıcı: aynur, Detay: Hatalı giriş , stok miktarı pozitif sayı olmalı
5, 2024-12-31 12:02:09, Kullanıcı: aynur, Detay: Hatalı giriş , stok miktarı pozitif sayı olmalı
6, 2024-12-31 12:02:55, Kullanıcı: zeyno, Detay: Ürün ekleme işlemi sadece yöneticilere aittir!
7, 2024-12-31 12:03:41, Kullanıcı: aynur, Detay: Hesap kilitlendi, Kullanıcı: aynur
8, 2024-12-31 12:11:00, Kullanıcı: aynur, Detay: Hatalı giriş, stok miktarı pozitif sayı olmalı
9, 2024-12-31 12:12:03, Kullanıcı: aynur, Detay: Geçersiz Seçenek
10, 2024-12-31 12:17:23, Kullanıcı: aynur, Detay: Hatalı giriş, stok miktarı pozitif sayı olmalı
11, 2024-12-31 12:17:28, Kullanıcı: aynur, Detay: Ürün yok!
12, 2024-12-31 12:19:05, Kullanıcı: aynur, Detay: Hatalı giriş, stok miktarı pozitif sayı olmalı
13, 2024-12-31 12:19:18, Kullanıcı: aynur, Detay: Hatalı giriş, stok miktarı pozitif sayı olmalı
14, 2024-12-31 12:24:24, Kullanıcı: aynur, Detay: Hatalı giriş, stok miktarı pozitif sayı olmalı
15, 2024-12-31 12:25:15, Kullanıcı: aynur, Detay: Geçersiz Seçenek
16, 2024-12-31 12:27:40, Kullanıcı: aynur, Detay: Hatalı giriş , ürün adı boşluk içermemeli
17, 2024-12-31 12:27:42, Kullanıcı: aynur, Detay: Hatalı giriş, stok miktarı pozitif sayı olmalı
18, 2024-12-31 12:28:18, Kullanıcı: aynur, Detay: Geçersiz Seçenek
19, 2024-12-31 12:33:19, Kullanıcı: anur, Detay: Hatalı giriş denemesi
20, 2024-12-31 12:33:49, Kullanıcı: aynur, Detay: Hatalı giriş, stok miktarı pozitif sayı olmalı
21, 2024-12-31 12:33:54, Kullanıcı: aynur, Detay: Geçersiz Seçenek
22, 2024-12-31 12:35:03, Kullanıcı: , Detay: Hatalı giriş denemesi
23, 2024-12-31 12:42:33, Kullanıcı: aynur, Detay: Ürün bulunamadı
24, 2024-12-31 12:42:40, Kullanıcı: aynur, Detay: Ürün bulunamadı
25, 2024-12-31 12:43:12, Kullanıcı: aynur, Detay: Ürün bulunamadı
26, 2024-12-31 12:48:30, Kullanıcı: aynur, Detay: Ürün bulunamadı
27, 2024-12-31 12:49:01, Kullanıcı: aynur, Detay: Ürün bulunamadı
28, 2024-12-31 12:49:05, Kullanıcı: aynur, Detay: Geçersiz Seçenek
29, 2024-12-31 12:58:15, Kullanıcı: aynur, Detay: Ürün bulunamadı
30, 2024-12-31 13:03:15, Kullanıcı: aynur, Detay: Ürün bulunamadı
31, 2024-12-31 13:03:52, Kullanıcı: aynur, Detay: Aradığınız ürün bulunamadı
32, 2024-12-31 13:04:26, Kullanıcı: aynur, Detay: Geçersiz Seçenek
33, 2024-12-31 13:18:50, Kullanıcı: aynur, Detay: Geçersiz Seçenek
34, 2024-12-31 13:27:25, Kullanıcı: AYNUR, Detay: Geçersiz Seçenek
35, 2024-12-31 13:36:07, Kullanıcı: aynur, Detay: Geçersiz Seçenek
36, 2024-12-31 13:39:39, Kullanıcı: aynur, Detay: Geçersiz Seçenek
37, 2024-12-31 13:40:36, Kullanıcı: aynur, Detay: Ürün bulunamadı
38, 2024-12-31 13:40:52, Kullanıcı: aynur, Detay: Aradığınız ürün bulunamadı
39, 2024-12-31 13:47:28, Kullanıcı: aynur, Detay: Geçersiz Seçenek
40, 2024-12-31 13:50:44, Kullanıcı: Yasemin, Detay: Ürün ekleme işlemi sadece yöneticilere aittir!
41, 2024-12-31 13:51:40, Kullanıcı: yasemin, Detay: Hesap kilitlendi, Kullanıcı: yasemin
42, 2024-12-31 13:52:29, Kullanıcı: aynur, Detay: Ürün bulunamadı
43, 2024-12-31 13:52:32, Kullanıcı: aynur, Detay: Geçersiz Seçenek
44, 2024-12-31 13:58:46, Kullanıcı: aynur, Detay: Hesap kilitlendi, Kullanıcı: aynur
45, 2024-12-31 14:01:04, Kullanıcı: aynur, Detay: Geçersiz Seçenek
46, 2024-12-31 14:01:07, Kullanıcı: aynur, Detay: Geçersiz Seçenek
47, 2024-12-31 14:04:36, Kullanıcı: aynur, Detay: Hesap kilitlendi, Kullanıcı: aynur
48, 2024-12-31 14:08:51, Kullanıcı: aynur, Detay: Hesap kilitlendi, Kullanıcı: aynur
49, 2024-12-31 14:09:30, Kullanıcı: aynur, Detay: Ürün bulunamadı
50, 2024-12-31 14:09:53, Kullanıcı: , Detay: Hatalı giriş denemesi
51, 2024-12-31 14:09:56, Kullanıcı: , Detay: Hatalı giriş denemesi
52, 2024-12-31 14:09:59, Kullanıcı: , Detay: Hatalı giriş denemesi
53, 2024-12-31 14:10:02, Kullanıcı: , Detay: Geçersiz Seçenek
54, 2024-12-31 14:14:00, Kullanıcı: aynur, Detay: Ürün bulunamadı
55, 2024-12-31 14:19:31, Kullanıcı: aynur, Detay: Aradığınız ürün bulunamadı
56, 2024-12-31 14:19:34, Kullanıcı: aynur, Detay: Geçersiz Seçenek
57, 2024-12-31 14:24:49, Kullanıcı: aynur, Detay: Aradığınız ürün bulunamadı
58, 2024-12-31 14:24:55, Kullanıcı: aynur, Detay: Geçersiz Seçenek
59, 2024-12-31 14:30:27, Kullanıcı: aynur, Detay: Hatalı giriş, aynı adla başka bir ürün var
60, 2024-12-31 14:31:40, Kullanıcı: aynur, Detay: Hatalı giriş, aynı adla başka bir ürün var
61, 2024-12-31 14:31:45, Kullanıcı: aynur, Detay: Geçersiz Seçenek
62, 2024-12-31 14:32:35, Kullanıcı: aynur, Detay: Hatalı giriş, aynı adla başka bir ürün var
63, 2024-12-31 14:32:43, Kullanıcı: aynur, Detay: Geçersiz Seçenek
64, 2024-12-31 14:33:44, Kullanıcı: aynur, Detay: Hatalı giriş, aynı adla başka bir ürün var
65, 2024-12-31 14:33:49, Kullanıcı: aynur, Detay: Geçersiz Seçenek
66, 2024-12-31 14:35:01, Kullanıcı: aynur, Detay: Hatalı giriş, aynı adla başka bir ürün var
67, 2024-12-31 14:35:12, Kullanıcı: aynur, Detay: Hatalı giriş, stok miktarı pozitif sayı olmalı
68, 2024-12-31 14:45:13, Kullanıcı: aynur, Detay: Geçersiz Seçenek
69, 2024-12-31 14:47:26, Kullanıcı: aynur, Detay: Geçersiz Seçenek
70, 2024-12-31 14:47:29, Kullanıcı: aynur, Detay: Geçersiz Seçenek
71, 2025-01-01 11:05:41, Kullanıcı: zeynep, Detay: Hesap kilitlendi, Kullanıcı: zeynep
72, 2025-01-01 11:06:24, Kullanıcı: zeynep, Detay: Ürün ekleme işlemi sadece yöneticilere aittir!
73, 2025-01-01 11:07:35, Kullanıcı: aynur, Detay: Hatalı giriş, aynı adla başka bir ürün var
74, 2025-01-01 11:14:58, Kullanıcı: aynur, Detay: Geçersiz Seçenek
75, 2025-01-01 11:23:38, Kullanıcı: aynur, Detay: Geçersiz Seçenek
76, 2025-01-01 11:27:29, Kullanıcı: aynur, Detay: Geçersiz Seçenek
77, 2025-01-01 11:31:38, Kullanıcı: aynur, Detay: Geçersiz Seçenek
78, 2025-01-01 11:34:15, Kullanıcı: aynur, Detay: Geçersiz Seçenek
79, 2025-01-01 11:35:12, Kullanıcı: aynur, Detay: Geçersiz Seçenek
80, 2025-01-01 11:36:55, Kullanıcı: aynur, Detay: Geçersiz Seçenek
81, 2025-01-01 11:39:45, Kullanıcı: aynur, Detay: Geçersiz Seçenek
82, 2025-01-01 11:39:47, Kullanıcı: aynur, Detay: Geçersiz Seçenek
83, 2025-01-01 11:46:22, Kullanıcı: aynur, Detay: Geçersiz Seçenek
84, 2025-01-01 11:50:21, Kullanıcı: aynur, Detay: Geçersiz Seçenek
85, 2025-01-01 11:55:55, Kullanıcı: aynur, Detay: Geçersiz Seçenek
86, 2025-01-01 12:11:01, Kullanıcı: aynur, Detay: Ürün bulunamadı
87, 2025-01-01 12:14:45, Kullanıcı: aynur, Detay: Geçersiz Seçenek
88, 2025-01-01 12:15:56, Kullanıcı: , Detay: Hatalı giriş denemesi
89, 2025-01-01 12:16:14, Kullanıcı: aynur, Detay: Geçersiz Seçenek
90, 2025-01-01 12:16:40, Kullanıcı: aynur, Detay: Hatalı giriş, aynı adla başka bir ürün var
91, 2025-01-01 12:35:23, Kullanıcı: aynur, Detay: Geçersiz Seçenek
92, 2025-01-01 12:36:13, Kullanıcı: aynur, Detay: Geçersiz Seçenek
93, 2025-01-01 12:36:38, Kullanıcı: aynur, Detay: Geçersiz Seçenek
94, 2025-01-01 12:36:40, Kullanıcı: aynur, Detay: Geçersiz Seçenek
95, 2025-01-01 12:51:27, Kullanıcı: aynur, Detay: Hatalı giriş , ürün adı boşluk içermemeli
96, 2025-01-01 12:57:46, Kullanıcı: aynur, Detay: Geçersiz Seçenek
97, 2025-01-01 13:06:18, Kullanıcı: aynur, Detay: Geçersiz Seçenek
98, 2025-01-01 13:20:20, Kullanıcı: aynur, Detay: Geçersiz Seçenek
99, 2025-01-01 13:24:07, Kullanıcı: aynur, Detay: Geçersiz Seçenek
100, 2025-01-01 13:26:15, Kullanıcı: aynur, Detay: Geçersiz Seçenek
101, 2025-01-01 13:35:09, Kullanıcı: begüm, Detay: Geçersiz Seçenek
102, 2025-01-01 13:38:41, Kullanıcı: aynur, Detay: Geçersiz Seçenek
103, 2025-01-01 13:39:06, Kullanıcı: aynur, Detay: Geçersiz Seçenek
104, 2025-01-01 13:41:24, Kullanıcı: aynur, Detay: Geçersiz Seçenek
105, 2025-01-01 13:43:52, Kullanıcı: aynur, Detay: Geçersiz Seçenek
106, 2025-01-01 14:04:20, Kullanıcı: aynur, Detay: Geçersiz Seçenek
107, 2025-01-01 14:04:24, Kullanıcı: aynur, Detay: Geçersiz Seçenek
108, 2025-01-01 14:05:09, Kullanıcı: , Detay: Hatalı giriş denemesi
109, 2025-01-01 14:05:12, Kullanıcı: , Detay: Hatalı giriş denemesi
110, 2025-01-01 14:14:22, Kullanıcı: aynur, Detay: Geçersiz Seçenek
111, 2025-01-01 14:27:18, Kullanıcı: aynur, Detay: Geçersiz Seçenek
112, 2025-01-01 14:37:51, Kullanıcı: , Detay: Hatalı giriş denemesi
113, 2025-01-01 14:37:56, Kullanıcı: , Detay: Hatalı giriş denemesi
114, 2025-01-01 14:38:30, Kullanıcı: aynur, Detay: Geçersiz Seçenek
115, 2025-01-01 14:41:44, Kullanıcı: aynur, Detay: Geçersiz Seçenek
116, 2025-01-01 14:53:03, Kullanıcı: , Detay: Hatalı giriş denemesi
117, 2025-01-01 15:20:52, Kullanıcı: , Detay: Hatalı giriş denemesi
118, 2025-01-01 16:33:29, Kullanıcı: aynur, Detay: Geçersiz Seçenek
119, 2025-01-01 16:35:33, Kullanıcı: aynur, Detay: Geçersiz Seçenek
120, 2025-01-01 16:41:37, Kullanıcı: aynur, Detay: Geçersiz Seçenek
121, 2025-01-01 16:47:04, Kullanıcı: aynur, Detay: Geçersiz Seçenek
122, 2025-01-01 16:47:15, Kullanıcı: aynur, Detay: Geçersiz Seçenek
123, 2025-01-01 16:47:27, Kullanıcı: , Detay: Hatalı giriş denemesi
124, 2025-01-01 16:47:38, Kullanıcı: 123, Detay: Hatalı giriş denemesi
125, 2025-01-01 16:49:47, Kullanıcı: aynur, Detay: Geçersiz Seçenek
126, 2025-01-01 16:49:55, Kullanıcı: aynur, Detay: Geçersiz Seçenek
127, 2025-01-01 16:59:03, Kullanıcı: aynur, Detay: Geçersiz Seçenek
128, 2025-01-01 16:59:09, Kullanıcı: aynur, Detay: Geçersiz Seçenek
129, 2025-01-01 17:03:20, Kullanıcı: aynur, Detay: Geçersiz Seçenek
130, 2025-01-01 17:11:59, Kullanıcı: aynur, Detay: Geçersiz Seçenek
131, 2025-01-01 17:16:06, Kullanıcı: zeynep, Detay: Ürün ekleme işlemi sadece yöneticilere aittir!
132, 2025-01-01 17:16:35, Kullanıcı: aynur, Detay: Geçersiz Seçenek
133, 2025-01-01 17:20:31, Kullanıcı: zeynep, Detay: Hesap açma denemesi: Hesap zaten açık
134, 2025-01-01 17:20:35, Kullanıcı: zeynep, Detay: Geçersiz Seçenek
135, 2025-01-01 17:25:47, Kullanıcı: yiğit, Detay: Ürün ekelme işlemi sadece yöneticilere ait
136, 2025-01-01 17:32:52, Kullanıcı: aynur, Detay: Ürün bulunamadı
137, 2025-01-01 17:33:36, Kullanıcı: aynur, Detay: Hatalı giriş , ürün adı boşluk içermemeli
138, 2025-01-01 17:40:21, Kullanıcı: Eda, Detay: Ürün ekelme işlemi sadece yöneticilere ait
139, 2025-01-01 17:54:56, Kullanıcı: aynur, Detay: Ürün bulunamadı
140, 2025-01-01 19:22:00, Kullanıcı: aynur, Detay: Geçersiz Seçenek
141, 2025-01-01 19:22:48, Kullanıcı: aynur, Detay: Geçersiz Seçenek
